-- MySQL dump 10.13  Distrib 5.7.20, for Linux (x86_64)
--
-- Host: localhost    Database: test_db
-- ------------------------------------------------------
-- Server version	5.7.20-0ubuntu0.17.04.1

/*!40101 SET @OLD_CHARACTER_SET_CLIENT=@@CHARACTER_SET_CLIENT */;
/*!40101 SET @OLD_CHARACTER_SET_RESULTS=@@CHARACTER_SET_RESULTS */;
/*!40101 SET @OLD_COLLATION_CONNECTION=@@COLLATION_CONNECTION */;
/*!40101 SET NAMES utf8 */;
/*!40103 SET @OLD_TIME_ZONE=@@TIME_ZONE */;
/*!40103 SET TIME_ZONE='+00:00' */;
/*!40014 SET @OLD_UNIQUE_CHECKS=@@UNIQUE_CHECKS, UNIQUE_CHECKS=0 */;
/*!40014 SET @OLD_FOREIGN_KEY_CHECKS=@@FOREIGN_KEY_CHECKS, FOREIGN_KEY_CHECKS=0 */;
/*!40101 SET @OLD_SQL_MODE=@@SQL_MODE, SQL_MODE='NO_AUTO_VALUE_ON_ZERO' */;
/*!40111 SET @OLD_SQL_NOTES=@@SQL_NOTES, SQL_NOTES=0 */;

--
-- Table structure for table `Isolate`
--

DROP TABLE IF EXISTS `Isolate`;
/*!40101 SET @saved_cs_client     = @@character_set_client */;
/*!40101 SET character_set_client = utf8 */;
CREATE TABLE `Isolate` (
  `isolate_id` int(11) NOT NULL AUTO_INCREMENT,
  `sample_id` int(11) DEFAULT NULL,
  `isolate_number_from_lab` text,
  `pool_sequence_replicates` int(11) DEFAULT NULL,
  `ena_experiment_accession` text,
  PRIMARY KEY (`isolate_id`)
) ENGINE=InnoDB AUTO_INCREMENT=5 DEFAULT CHARSET=latin1;
/*!40101 SET character_set_client = @saved_cs_client */;

--
-- Dumping data for table `Isolate`
--

LOCK TABLES `Isolate` WRITE;
/*!40000 ALTER TABLE `Isolate` DISABLE KEYS */;
INSERT INTO `Isolate` VALUES (1,1,'42',1,NULL),(2,2,'43',0,NULL),(3,3,'44',1,NULL),(4,4,'45',1,NULL);
/*!40000 ALTER TABLE `Isolate` ENABLE KEYS */;
UNLOCK TABLES;

--
-- Table structure for table `Pipeline`
--

DROP TABLE IF EXISTS `Pipeline`;
/*!40101 SET @saved_cs_client     = @@character_set_client */;
/*!40101 SET character_set_client = utf8 */;
CREATE TABLE `Pipeline` (
  `isolate_id` int(11) DEFAULT NULL,
  `seqrep_id` int(11) DEFAULT NULL,
  `seqrep_pool` text,
  `version` text,
  `pipeline_name` text,
  `status` int(11) DEFAULT NULL,
  `reference_id` int(11) DEFAULT NULL
) ENGINE=InnoDB DEFAULT CHARSET=latin1;
/*!40101 SET character_set_client = @saved_cs_client */;

--
-- Dumping data for table `Pipeline`
--

LOCK TABLES `Pipeline` WRITE;
/*!40000 ALTER TABLE `Pipeline` DISABLE KEYS */;
INSERT INTO `Pipeline` VALUES (1,1,NULL,'0.1.2','remove_contam',1,1),(1,2,NULL,'0.1.2','remove_contam',1,1),(2,3,NULL,'0.1.2','remove_contam',1,1),(2,4,NULL,'0.1.2','remove_contam',1,1),(3,5,NULL,'0.1.2','remove_contam',1,1),(4,6,NULL,'0.1.2','remove_contam',1,1);
/*!40000 ALTER TABLE `Pipeline` ENABLE KEYS */;
UNLOCK TABLES;

--
-- Table structure for table `QC`
--

DROP TABLE IF EXISTS `QC`;
/*!40101 SET @saved_cs_client     = @@character_set_client */;
/*!40101 SET character_set_client = utf8 */;
CREATE TABLE `QC` (
  `seqrep_id` int(11) DEFAULT NULL,
  `pipeline_version` text,
  `fastqc1_gc` float DEFAULT NULL,
  `fastqc1_adapter_content` text,
  `fastqc1_basic_statistics` text,
  `fastqc1_kmer_content` text,
  `fastqc1_max_sequence_length` int(11) DEFAULT NULL,
  `fastqc1_min_sequence_length` int(11) DEFAULT NULL,
  `fastqc1_overrepresented_sequences` text,
  `fastqc1_per_base_n_content` text,
  `fastqc1_per_base_sequence_content` text,
  `fastqc1_per_base_sequence_quality` text,
  `fastqc1_per_sequence_gc_content` text,
  `fastqc1_per_sequence_quality_scores` text,
  `fastqc1_sequence_duplication_levels` text,
  `fastqc1_sequence_length_distribution` text,
  `fastqc1_sequences_flagged_as_poor_quality` int(11) DEFAULT NULL,
  `fastqc1_total_sequences` int(11) DEFAULT NULL,
  `fastqc2_gc` float DEFAULT NULL,
  `fastqc2_adapter_content` text,
  `fastqc2_basic_statistics` text,
  `fastqc2_kmer_content` text,
  `fastqc2_max_sequence_length` int(11) DEFAULT NULL,
  `fastqc2_min_sequence_length` int(11) DEFAULT NULL,
  `fastqc2_overrepresented_sequences` text,
  `fastqc2_per_base_n_content` text,
  `fastqc2_per_base_sequence_content` text,
  `fastqc2_per_base_sequence_quality` text,
  `fastqc2_per_sequence_gc_content` text,
  `fastqc2_per_sequence_quality_scores` text,
  `fastqc2_sequence_duplication_levels` text,
  `fastqc2_sequence_length_distribution` text,
  `fastqc2_sequences_flagged_as_poor_quality` int(11) DEFAULT NULL,
  `fastqc2_total_sequences` int(11) DEFAULT NULL,
  `samtools_raw_total_sequences` int(11) DEFAULT NULL,
  `samtools_reads_mapped` int(11) DEFAULT NULL,
  `samtools_reads_duplicated` int(11) DEFAULT NULL,
  `samtools_bases_mapped_cigar` int(11) DEFAULT NULL,
  `samtools_bases_trimmed` int(11) DEFAULT NULL,
  `samtools_error_rate` float DEFAULT NULL,
  `samtools_average_quality` float DEFAULT NULL,
  `samtools_insert_size_average` float DEFAULT NULL,
  `samtools_insert_size_standard_deviation` float DEFAULT NULL,
  `samtools_inward_oriented_pairs` int(11) DEFAULT NULL,
  `samtools_outward_oriented_pairs` int(11) DEFAULT NULL,
  `samtools_pairs_with_other_orientation` int(11) DEFAULT NULL,
  `het_snp_positions` int(11) DEFAULT NULL,
  `het_snp_total_snps` int(11) DEFAULT NULL,
  `het_snp_het_calls` int(11) DEFAULT NULL
) ENGINE=InnoDB DEFAULT CHARSET=latin1;
/*!40101 SET character_set_client = @saved_cs_client */;

--
-- Dumping data for table `QC`
--

LOCK TABLES `QC` WRITE;
/*!40000 ALTER TABLE `QC` DISABLE KEYS */;
/*!40000 ALTER TABLE `QC` ENABLE KEYS */;
UNLOCK TABLES;

--
-- Table structure for table `Read_counts`
--

DROP TABLE IF EXISTS `Read_counts`;
/*!40101 SET @saved_cs_client     = @@character_set_client */;
/*!40101 SET character_set_client = utf8 */;
CREATE TABLE `Read_counts` (
  `seqrep_id` int(11) DEFAULT NULL,
  `original_total` int(11) DEFAULT NULL,
  `contamination` int(11) DEFAULT NULL,
  `not_contamination` int(11) DEFAULT NULL,
  `unmapped` int(11) DEFAULT NULL,
  `total_after_remove_contam` int(11) DEFAULT NULL
) ENGINE=InnoDB DEFAULT CHARSET=latin1;
/*!40101 SET character_set_client = @saved_cs_client */;

--
-- Dumping data for table `Read_counts`
--

LOCK TABLES `Read_counts` WRITE;
/*!40000 ALTER TABLE `Read_counts` DISABLE KEYS */;
INSERT INTO `Read_counts` VALUES (1,278,12,266,0,266),(4,278,12,266,0,266),(3,278,12,266,0,266),(5,278,12,266,0,266),(2,278,12,266,0,266),(6,278,12,266,0,266);
/*!40000 ALTER TABLE `Read_counts` ENABLE KEYS */;
UNLOCK TABLES;

--
-- Table structure for table `Reference`
--

DROP TABLE IF EXISTS `Reference`;
/*!40101 SET @saved_cs_client     = @@character_set_client */;
/*!40101 SET character_set_client = utf8 */;
CREATE TABLE `Reference` (
  `reference_id` int(11) NOT NULL AUTO_INCREMENT,
  `name` text,
  PRIMARY KEY (`reference_id`)
) ENGINE=InnoDB AUTO_INCREMENT=3 DEFAULT CHARSET=latin1;
/*!40101 SET character_set_client = @saved_cs_client */;

--
-- Dumping data for table `Reference`
--

LOCK TABLES `Reference` WRITE;
/*!40000 ALTER TABLE `Reference` DISABLE KEYS */;
INSERT INTO `Reference` VALUES (1,'remove_contam_ref'),(2,'var_call_ref');
/*!40000 ALTER TABLE `Reference` ENABLE KEYS */;
UNLOCK TABLES;

--
-- Table structure for table `Sample`
--

DROP TABLE IF EXISTS `Sample`;
/*!40101 SET @saved_cs_client     = @@character_set_client */;
/*!40101 SET character_set_client = utf8 */;
CREATE TABLE `Sample` (
  `sample_id` int(11) NOT NULL AUTO_INCREMENT,
  `subject_id` text,
  `site_id` text,
  `sample_id_from_lab` text,
  `dataset_name` text,
  `ena_center_name` text,
  `ena_sample_accession` text,
  `ena_study_accession` text,
  PRIMARY KEY (`sample_id`)
) ENGINE=InnoDB AUTO_INCREMENT=5 DEFAULT CHARSET=latin1;
/*!40101 SET character_set_client = @saved_cs_client */;

--
-- Dumping data for table `Sample`
--

LOCK TABLES `Sample` WRITE;
/*!40000 ALTER TABLE `Sample` DISABLE KEYS */;
INSERT INTO `Sample` VALUES (1,'p1','s1','l1','g1','Center 42',NULL,NULL),(2,'p2','s2','l2','g1','Center 42',NULL,NULL),(3,'p3','s3','l3','g1','Center 42',NULL,NULL),(4,'p4','s4','l4','g2','Center 42',NULL,NULL);
/*!40000 ALTER TABLE `Sample` ENABLE KEYS */;
UNLOCK TABLES;

--
-- Table structure for table `Seqrep`
--

DROP TABLE IF EXISTS `Seqrep`;
/*!40101 SET @saved_cs_client     = @@character_set_client */;
/*!40101 SET character_set_client = utf8 */;
CREATE TABLE `Seqrep` (
  `seqrep_id` int(11) NOT NULL AUTO_INCREMENT,
  `isolate_id` int(11) DEFAULT NULL,
  `sequence_replicate_number` int(11) DEFAULT NULL,
  `original_reads_file_1_md5` text,
  `original_reads_file_2_md5` text,
  `remove_contam_reads_file_1_md5` text,
  `remove_contam_reads_file_2_md5` text,
  `withdrawn` int(11) DEFAULT NULL,
  `import_status` int(11) DEFAULT NULL,
  `submission_date` date DEFAULT NULL,
  `submit_to_ena` int(11) DEFAULT NULL,
  `instrument_model` text,
  `ena_run_accession` text,
  `ena_on_hold` int(11) DEFAULT NULL,
  PRIMARY KEY (`seqrep_id`)
) ENGINE=InnoDB AUTO_INCREMENT=7 DEFAULT CHARSET=latin1;
/*!40101 SET character_set_client = @saved_cs_client */;

--
-- Dumping data for table `Seqrep`
--

LOCK TABLES `Seqrep` WRITE;
/*!40000 ALTER TABLE `Seqrep` DISABLE KEYS */;
INSERT INTO `Seqrep` VALUES (1,1,1,'0c7ebe8e24f5d6b70f06c8ed06f7f712','c8626ebfb3980219cf70cf000e961341','59c4ecf7cc89254131ca22107ad9d654','c34b1b8860c9e912c1556f7c796e0a47',0,1,'2017-12-25',0,'Illumina HiSeq 2000',NULL,0),(2,1,2,'c9496486f0b032af8c4435787f80f8fb','675cfd22cf006204ed9ff6c8c88566de','60d155b3fb3213932e05d3dc361f2da9','83d004b76f37224c325c21aaa1b5a87e',0,1,'2017-12-25',0,'Illumina HiSeq 2000',NULL,0),(3,2,1,'6ff4f246ffaf83d69ecf21bd4195bf0a','00cc702ff1afe743d8637354382ecd6c','3b1065a6ca469e136ed505a9080898ca','1feac9405576ca173a6b1add479e34bb',0,1,'2017-12-25',0,'Illumina HiSeq 2000',NULL,0),(4,2,2,'d57c25d823827054dd562dd2d4f429c7','279ff80308043069f37714bb1940de8e','23f1d0828e9ca5f75e6c346925ec5a1b','4d2d7e3ea419e989b0625fdabb9bfa82',0,1,'2017-12-25',0,'Illumina HiSeq 2000',NULL,0),(5,3,1,'b1393f56ed29d492c7945dace051018d','4ef013d2703ac1bc90870a92eb4a511f','ed41e21260c8ca666011444cbe80514c','6b7f691638890919e0238deef860a6cb',0,1,'2017-12-25',0,'Illumina HiSeq 2000',NULL,0),(6,4,1,'640ea50e9de3d98abdc822ed7c0b9593','02af398d977d037fd70015cecdf72ebe','e827e1ea957bcd83e24cf6286d449556','547e0554f2c656309d5f78a1ea7b5dc8',0,1,'2017-12-25',0,'Illumina HiSeq 2000',NULL,0);
/*!40000 ALTER TABLE `Seqrep` ENABLE KEYS */;
UNLOCK TABLES;

--
-- Table structure for table `Version`
--

DROP TABLE IF EXISTS `Version`;
/*!40101 SET @saved_cs_client     = @@character_set_client */;
/*!40101 SET character_set_client = utf8 */;
CREATE TABLE `Version` (
  `version` int(11) DEFAULT NULL
) ENGINE=InnoDB DEFAULT CHARSET=latin1;
/*!40101 SET character_set_client = @saved_cs_client */;

--
-- Dumping data for table `Version`
--

LOCK TABLES `Version` WRITE;
/*!40000 ALTER TABLE `Version` DISABLE KEYS */;
INSERT INTO `Version` VALUES (1);
/*!40000 ALTER TABLE `Version` ENABLE KEYS */;
UNLOCK TABLES;
/*!40103 SET TIME_ZONE=@OLD_TIME_ZONE */;

/*!40101 SET SQL_MODE=@OLD_SQL_MODE */;
/*!40014 SET FOREIGN_KEY_CHECKS=@OLD_FOREIGN_KEY_CHECKS */;
/*!40014 SET UNIQUE_CHECKS=@OLD_UNIQUE_CHECKS */;
/*!40101 SET CHARACTER_SET_CLIENT=@OLD_CHARACTER_SET_CLIENT */;
/*!40101 SET CHARACTER_SET_RESULTS=@OLD_CHARACTER_SET_RESULTS */;
/*!40101 SET COLLATION_CONNECTION=@OLD_COLLATION_CONNECTION */;
/*!40111 SET SQL_NOTES=@OLD_SQL_NOTES */;

-- Dump completed on 2018-01-03 10:34:22
